Year,Energy,Activity,Sector 1,Sector 2,Sector 3
0,13.33333333,3.333333333,1,1,1
0,6.666666667,3.333333333,1,2,1
0,5.333333333,6.666666667,2,1,1
0,8,20,2,2,1
1,20,8,1,1,1
1,6.666666667,5.333333333,1,2,1
1,10,20,2,1,1
1,6,20,2,2,1
0,6.666666667,1.666666667,1,1,2
0,3.333333333,1.666666667,1,2,2
0,2.666666667,3.333333333,2,1,2
0,4,10,2,2,2
1,10,4,1,1,2
1,3.333333333,2.666666667,1,2,2
1,5,10,2,1,2
1,3,10,2,2,2
